{
  "mean": [
    0.7644506517690876,
    671.4916201117319,
    318.6368715083799,
    176.42737430167597,
    5.246741154562383,
    3.5027932960893855,
    0.23286778398510244,
    2.813780260707635
  ],
  "scale": [
    0.10600993367486956,
    87.99805538196013,
    44.366641341841024,
    45.4038092971537,
    1.7499969656906307,
    1.1188629920101392,
    0.13347792634215358,
    1.5698379247557444
  ],
  "feature_names": [
    "X1",
    "X2",
    "X3",
    "X4",
    "X5",
    "X6",
    "X7",
    "X8"
  ]
}